{
	"tlas" : [ 0, 0 ],
	"box_nodes" : [
		{
			"min_bounds" : [ 0.12325683343243865, -1.4335714452803958, -0.7044160264027586 ],
			"max_bounds" : [ 2.694407272178596, 2.7200843473953578, 3.4257490711885135 ],
			"child_nodes" : [
				[ 1, 0 ]
			]
		}
	],
	"instance_nodes" : [
		{
			"world_to_object" : [
				[ 0.6427876096865394, 0.766044443118978, 0 ],
				[ -0.6634139481689384, 0.5566703992264195, 0.49999999999999994 ],
				[ 0.38302222155948895, -0.3213938048432696, 0.8660254037844387 ],
				[ -0, -0, -0 ]
			],
			"child_node" : [ 2, 0 ],
			"id" : 0,
			"custom_index" : 0,
			"mask" : 255,
			"sbt_record_offset" : 0
		}
	],
	"triangle_nodes" : [
		{
			"geometry_index" : 0,
			"primitive_index" : 0,
			"opaque" : true,
			"vertices" : [
				[ -1, 1, 0 ],
				[ 3, 1, 1 ],
				[ 2, 1, 3 ]
			]
		}
	],
	"procedural_nodes" : [
	]
}
