{
	"tlas" : [ 0, 0 ],
	"box_nodes" : [
		{
			"min_bounds" : [ -1, -6, 0 ],
			"max_bounds" : [ 1.0000000000000002, -5, 5 ],
			"child_nodes" : [
				[ 1, 0 ]
			]
		}
	],
	"instance_nodes" : [
		{
			"world_to_obj" : [
				[ -1, 0.00000000000000012246467991473532, 0 ],
				[ -0.00000000000000012246467991473532, -1, 0 ],
				[ 0, 0, 1 ],
				[ -0.0000000000000006123233995736766, -5, -0 ]
			],
			"child_node" : [ 2, 0 ],
			"id" : 0,
			"custom_index" : 0,
			"mask" : 255,
			"sbt_record_offset" : 0
		}
	],
	"triangle_nodes" : [
		{
			"geometry_index" : 0,
			"primitive_index" : 0,
			"opaque" : true,
			"vertices" : [
				[ 1, 1, 2 ],
				[ 0, 0, 2 ],
				[ -1, 1, 2 ]
			]
		}
	],
	"procedural_nodes" : [
	]
}
